DISTRITO,AGRUPACION POLITICA,LISTA,VOTOS
CAPITAL FEDERAL,ELECTORES HABILES,,2571609
CAPITAL FEDERAL,VAMOS JUNTOS,,943022
CAPITAL FEDERAL,VAMOS JUNTOS,A - SIGAMOS CON EL CAMBIO,943022
CAPITAL FEDERAL,UNIDAD PORTE헤,,394380
CAPITAL FEDERAL,UNIDAD PORTE헤,A - UNIDAD CIUDADANA,297937
CAPITAL FEDERAL,UNIDAD PORTE헤,C - HONESTIDAD Y CORAJE,52737
CAPITAL FEDERAL,UNIDAD PORTE헤,B - AHORA BUENOS AIRES,43706
CAPITAL FEDERAL,EVOLUCION,,248129
CAPITAL FEDERAL,EVOLUCION,A - SUMA +,248129
CAPITAL FEDERAL,AVANCEMOS HACIA 1PAIS MEJOR,,74713
CAPITAL FEDERAL,AVANCEMOS HACIA 1PAIS MEJOR,A - 1PAIS,74713
CAPITAL FEDERAL,FRENTE DE IZQUIERDA Y DE LOS TRABAJADORES,,72257
CAPITAL FEDERAL,FRENTE DE IZQUIERDA Y DE LOS TRABAJADORES,A - 1ROJA,72257
CAPITAL FEDERAL,AUTODETERMINACION Y LIBERTAD,,70909
CAPITAL FEDERAL,AUTODETERMINACION Y LIBERTAD,A - QUE LOS PUEBLOS MANDEN,70909
CAPITAL FEDERAL,CONVOCATORIA ABIERTA POR BUENOS AIRES,,20977
CAPITAL FEDERAL,CONVOCATORIA ABIERTA POR BUENOS AIRES,A - POPULAR Y SOCIALISTAS,14101
CAPITAL FEDERAL,CONVOCATORIA ABIERTA POR BUENOS AIRES,B - LA DIGNIDAD - IP,6876
CAPITAL FEDERAL,IZQUIERDA AL FRENTE POR EL SOCIALISMO,,15674
CAPITAL FEDERAL,IZQUIERDA AL FRENTE POR EL SOCIALISMO,A - UNIDAD DE LA IZQUIERDA,15674
CAPITAL FEDERAL,HUMANISTA,,9255
CAPITAL FEDERAL,HUMANISTA,A - NARANJA,9255
CAPITAL FEDERAL,RENOVADOR FEDERAL,,6297
CAPITAL FEDERAL,RENOVADOR FEDERAL,A - UNIDAD FEDERAL,6297
CAPITAL FEDERAL,EL MOVIMIENTO,,5683
CAPITAL FEDERAL,EL MOVIMIENTO,B - ORDEN Y JUSTICIA,1946
CAPITAL FEDERAL,EL MOVIMIENTO,C - SER,1412
CAPITAL FEDERAL,EL MOVIMIENTO,A - SEGURIDAD Y TRANSPARENCIA,869
CAPITAL FEDERAL,EL MOVIMIENTO,D - RENOVACION REPUBLICANA,813
CAPITAL FEDERAL,EL MOVIMIENTO,E - NUEVA DEMOCRACIA,643
CAPITAL FEDERAL,SOCIALISTA AUTENTICO,,5323
CAPITAL FEDERAL,SOCIALISTA AUTENTICO,A - HONESTIDAD Y PARTICIPACION,5323
CAPITAL FEDERAL,MOVIMIENTO POLITICO SOCIAL Y CULTURAL PROYECTO SUR,,4714
CAPITAL FEDERAL,MOVIMIENTO POLITICO SOCIAL Y CULTURAL PROYECTO SUR,A - UNIDAD,4714
CAPITAL FEDERAL,BANDERA VECINAL,,3805
CAPITAL FEDERAL,BANDERA VECINAL,A - LEALTAD,3805
CAPITAL FEDERAL,ACCION CIUDADANA,,3041
CAPITAL FEDERAL,ACCION CIUDADANA,A - PROPUESTA AUTONOMISTA,3041
CAPITAL FEDERAL,FEDERAL,,2822
CAPITAL FEDERAL,FEDERAL,B - CELESTE Y BLANCA,1453
CAPITAL FEDERAL,FEDERAL,A - ROJO PUNZO,1369
CAPITAL FEDERAL,VOTOS POSITIVOS,,1881001
CAPITAL FEDERAL,VOTOS EN BLANCO,,21711
CAPITAL FEDERAL,VOTOS ANULADOS,,21825
CAPITAL FEDERAL,VOTOS RECURRIDOS E IMPUGNADOS,,
CAPITAL FEDERAL,TOTAL DE  VOTANTES,,1924537
BUENOS AIRES,ELECTORES HABILES,,12250862
BUENOS AIRES,CAMBIEMOS BUENOS AIRES,,3240499
BUENOS AIRES,CAMBIEMOS BUENOS AIRES,CAMBIANDO JUNTOS,3240499
BUENOS AIRES,UNIDAD CIUDADANA,,3054886
BUENOS AIRES,UNIDAD CIUDADANA,CELESTE Y BLANCA U,3054886
BUENOS AIRES,1PAIS,,1379007
BUENOS AIRES,1PAIS,UN PAIS UNIDO HOY Y SIEMPRE,1379007
BUENOS AIRES,FRENTE JUSTICIALISTA,,528474
BUENOS AIRES,FRENTE JUSTICIALISTA,CUMPLIR,528474
BUENOS AIRES,FRENTE DE IZQUIERDA Y DE LOS TRABAJADORES,,340106
BUENOS AIRES,FRENTE DE IZQUIERDA Y DE LOS TRABAJADORES,LISTA 1,340106
BUENOS AIRES,IZQUIERDA AL FRENTE POR EL SOCIALISMO,,105465
BUENOS AIRES,IZQUIERDA AL FRENTE POR EL SOCIALISMO,UNIDAD DE LA IZQUIERDA,105465
BUENOS AIRES,FRENTE SOCIALISTA Y POPULAR,,46695
BUENOS AIRES,FRENTE SOCIALISTA Y POPULAR,LISTA A,46695
BUENOS AIRES,CREO,,42271
BUENOS AIRES,CREO,CONVICCIONES,42271
BUENOS AIRES,PATRIA GRANDE,,38420
BUENOS AIRES,PATRIA GRANDE,VAMOS,38420
BUENOS AIRES,FEDERAL,,30870
BUENOS AIRES,FEDERAL,CELESTE Y BLANCA,14296
BUENOS AIRES,FEDERAL,FEDERALISMO PURO,6923
BUENOS AIRES,FEDERAL,ROJO PUNZO,5708
BUENOS AIRES,FEDERAL,ALTERNATIVA,3943
BUENOS AIRES,FRENTE PATRIOTA BANDERA VECINAL,,29762
BUENOS AIRES,FRENTE PATRIOTA BANDERA VECINAL,CONDUCCION,29762
BUENOS AIRES,HUMANISTA,,24599
BUENOS AIRES,HUMANISTA,NARANJA,24599
BUENOS AIRES,TODOS POR BUENOS AIRES,,17567
BUENOS AIRES,TODOS POR BUENOS AIRES,TOBA,17567
BUENOS AIRES,ENCUENTRO POPULAR POR TIERRA TECHO Y TRABAJO,,15794
BUENOS AIRES,ENCUENTRO POPULAR POR TIERRA TECHO Y TRABAJO,MEMORIA VERDAD Y JUSTICIA,15794
BUENOS AIRES,DEL CAMPO POPULAR,,8675
BUENOS AIRES,DEL CAMPO POPULAR,INDEPENDENCIA,8675
BUENOS AIRES,MOVIMIENTO ORGANIZACION DEMOCRATICA,,5756
BUENOS AIRES,MOVIMIENTO ORGANIZACION DEMOCRATICA,COMPROMISO CIUDADANO,5756
BUENOS AIRES,MOVIMIENTO AMPLIO DE TRABAJADORES Y JUBILADOS,,1731
BUENOS AIRES,MOVIMIENTO AMPLIO DE TRABAJADORES Y JUBILADOS,UNIDAD 1,1731
BUENOS AIRES,VOTOS POSITIVOS,,8910577
BUENOS AIRES,VOTOS EN BLANCO,,515156
BUENOS AIRES,VOTOS ANULADOS,,84578
BUENOS AIRES,VOTOS RECURRIDOS E IMPUGNADOS,,
BUENOS AIRES,TOTAL DE  VOTANTES,,9510311
CATAMARCA,ELECTORES HABILES,,311027
CATAMARCA,FRENTE JUSTICIALISTA PARA LA VICTORIA,,99959
CATAMARCA,FRENTE JUSTICIALISTA PARA LA VICTORIA,FRENTE JUSTICIALISTA PARA LA VICTORIA,99959
CATAMARCA,FRENTE CIVICO Y SOCIAL - CAMBIEMOS,,72151
CATAMARCA,FRENTE CIVICO Y SOCIAL - CAMBIEMOS,CAMBIEMOS JUNTOS,44473
CATAMARCA,FRENTE CIVICO Y SOCIAL - CAMBIEMOS,JUNTOS POR EL CAMBIO,27678
CATAMARCA,FRENTE DE UNIDAD CIUDADANA,,7936
CATAMARCA,FRENTE DE UNIDAD CIUDADANA,CATAMARCA CIUDADANA,7936
CATAMARCA,OBRERO,,6030
CATAMARCA,OBRERO,ROJA EN EL FRENTE DE IZQUIERDA,6030
CATAMARCA,MOVIMIENTO AUTENTICO POPULAR,,3334
CATAMARCA,MOVIMIENTO AUTENTICO POPULAR,TRABAJO Y DIGNIDAD,3334
CATAMARCA,RENACER POLITICO Y SOCIAL,,2288
CATAMARCA,RENACER POLITICO Y SOCIAL,ABBA,2288
CATAMARCA,NACIONALISTA CONSTITUCIONAL - UNIR,,1498
CATAMARCA,NACIONALISTA CONSTITUCIONAL - UNIR,NACIONALISTA CONSTITUCIONAL,1498
CATAMARCA,VOTOS POSITIVOS,,193196
CATAMARCA,VOTOS EN BLANCO,,20682
CATAMARCA,VOTOS ANULADOS,,3133
CATAMARCA,VOTOS RECURRIDOS E IMPUGNADOS,,0
CATAMARCA,TOTAL DE  VOTANTES,,217011
CORDOBA,ELECTORES HABILES,,2884414
CORDOBA,CAMBIEMOS,,875908
CORDOBA,CAMBIEMOS,CAMBIANDO JUNTOS,741935
CORDOBA,CAMBIEMOS,PARA LA DEMOCRACIA SOCIAL,133973
CORDOBA,UNION POR CORDOBA,,563622
CORDOBA,UNION POR CORDOBA,MOVIMINETO DE UNIDAD PERONISTA,563622
CORDOBA,FRENTE CORDOBA CIUDADANA,,195077
CORDOBA,FRENTE CORDOBA CIUDADANA,UNIDAD,195077
CORDOBA,FRENTE DE IZQUIERDA Y DE LOS TRABAJADORES,,85316
CORDOBA,FRENTE DE IZQUIERDA Y DE LOS TRABAJADORES,ROJA,85316
CORDOBA,ENCUENTRO VECINAL CORDOBA,,47806
CORDOBA,ENCUENTRO VECINAL CORDOBA,VALORES EN ACCION,47806
CORDOBA,IZQUIERDA AL FRENTE POR EL SOCIALISMO,,44669
CORDOBA,IZQUIERDA AL FRENTE POR EL SOCIALISMO,UNIDAD DE LA IZQUIERDA,44669
CORDOBA,PRIMERO LA GENTE,,42221
CORDOBA,PRIMERO LA GENTE,CORDOBA CAMBIA,42221
CORDOBA,GEN,,24524
CORDOBA,GEN,MARGARITA,24524
CORDOBA,POLITICA ABIERTA PARA LA INTEGRIDAD SOCIAL,,20538
CORDOBA,POLITICA ABIERTA PARA LA INTEGRIDAD SOCIAL,NUEVO PAIS,5885
CORDOBA,POLITICA ABIERTA PARA LA INTEGRIDAD SOCIAL,JUNTOS POR PAIS,5194
CORDOBA,POLITICA ABIERTA PARA LA INTEGRIDAD SOCIAL,POR UN PAIS MEJOR,5184
CORDOBA,POLITICA ABIERTA PARA LA INTEGRIDAD SOCIAL,POR UN NUEVO PAIS,4275
CORDOBA,HUMANISTA,,17800
CORDOBA,HUMANISTA,NARANJA,17800
CORDOBA,SOMOS,,15986
CORDOBA,SOMOS,COMPROMISO,15986
CORDOBA,VOTOS POSITIVOS,,1933467
CORDOBA,VOTOS EN BLANCO,,39873
CORDOBA,VOTOS ANULADOS,,60678
CORDOBA,VOTOS RECURRIDOS E IMPUGNADOS,,0
CORDOBA,TOTAL DE  VOTANTES,,2034018
CORRIENTES,ELECTORES HABILES,,845479
CORRIENTES,ENCUENTRO POR CORRIENTES - ECO + CAMBIEMOS,,269092
CORRIENTES,ENCUENTRO POR CORRIENTES - ECO + CAMBIEMOS,VERDE,269092
CORRIENTES,JUNTOS PODEMOS MAS,,205535
CORRIENTES,JUNTOS PODEMOS MAS,CELESTE Y BLANCA,107376
CORRIENTES,JUNTOS PODEMOS MAS,COMPROMISO CIUDADANO,37780
CORRIENTES,JUNTOS PODEMOS MAS,VOLVER A CREER,27125
CORRIENTES,JUNTOS PODEMOS MAS,CRECER JUNTOS,18054
CORRIENTES,JUNTOS PODEMOS MAS,LA DOCTRINA,15200
CORRIENTES,FRENTE RENOVADOR - 1PAIS,,68079
CORRIENTES,FRENTE RENOVADOR - 1PAIS,RENOVEMOS CORRIENTES,56050
CORRIENTES,FRENTE RENOVADOR - 1PAIS,LIBRES,7519
CORRIENTES,FRENTE RENOVADOR - 1PAIS,VAMOS PUEBLO CORRENTINO,4510
CORRIENTES,SOMOS CORRIENTES,,26117
CORRIENTES,SOMOS CORRIENTES,LA 51,15225
CORRIENTES,SOMOS CORRIENTES,LA 52,10892
CORRIENTES,MOVIMIENTO SOCIALISTA DE LOS TRABAJADORES,,4346
CORRIENTES,MOVIMIENTO SOCIALISTA DE LOS TRABAJADORES,IZQUIERDA AL FRENTE,4346
CORRIENTES,COMPROMISO FEDERAL,,3858
CORRIENTES,COMPROMISO FEDERAL,CELESTE Y UNIDAD,3858
CORRIENTES,INSTRUMENTO ELECTORAL POR LA UNIDAD POPULAR,,1993
CORRIENTES,INSTRUMENTO ELECTORAL POR LA UNIDAD POPULAR,FRENTE POPULAR,1993
CORRIENTES,VOTOS POSITIVOS,,579020
CORRIENTES,VOTOS EN BLANCO,,13910
CORRIENTES,VOTOS ANULADOS,,16488
CORRIENTES,VOTOS RECURRIDOS E IMPUGNADOS,,0
CORRIENTES,TOTAL DE  VOTANTES,,609418
CHACO,ELECTORES HABILES,,912052
CHACO,FRENTE CHACO MERECE MAS,,268870
CHACO,FRENTE CHACO MERECE MAS,HONESTIDAD TRABAJO Y JUSTICIA SOCIAL,173277
CHACO,FRENTE CHACO MERECE MAS,TRES BANDERAS,30855
CHACO,FRENTE CHACO MERECE MAS,CORRIENTE PROVINCIAL KIRCHNERISTA,28766
CHACO,FRENTE CHACO MERECE MAS,LA MARIA EVA,23095
CHACO,FRENTE CHACO MERECE MAS,SOCIALISTAS UNIDOS,9966
CHACO,FRENTE CHACO MERECE MAS,LA DOS,2911
CHACO,CAMBIEMOS,,226956
CHACO,CAMBIEMOS,CAMBIANDO JUNTOS,198702
CHACO,CAMBIEMOS,ENCUENTRO CIVICO,28254
CHACO,UNIDAD CIUDADANA,,44024
CHACO,UNIDAD CIUDADANA,PROYECTO NACIONAL Y POPULAR - K,44024
CHACO,DEL OBRERO,,29094
CHACO,DEL OBRERO,FRENTE DE IZQUIERDA Y DE LOS TRABAJADORES,29094
CHACO,UN NUEVO PAIS (1P),,11995
CHACO,UN NUEVO PAIS (1P),UNIDAD,11995
CHACO,MOVIMIENTO POLITICO SOCIAL Y CULTURAL PROYECTO SUR,,5230
CHACO,MOVIMIENTO POLITICO SOCIAL Y CULTURAL PROYECTO SUR,VERDE,5230
CHACO,NACIONALISTA CONSTITUCIONAL - UNIR,,4183
CHACO,NACIONALISTA CONSTITUCIONAL - UNIR,FEDERALISMO Y CIUDADANIA,4183
CHACO,COMPROMISO FEDERAL,,3327
CHACO,COMPROMISO FEDERAL,AMARILLO Y NEGRO,3327
CHACO,CIUDADANOS A GOBERNAR,,3037
CHACO,CIUDADANOS A GOBERNAR,AZUL Y BLANCA,3037
CHACO,DEMOCRATA,,2655
CHACO,DEMOCRATA,CELESTE Y BLANCA,2655
CHACO,VOTOS POSITIVOS,,599371
CHACO,VOTOS EN BLANCO,,12620
CHACO,VOTOS ANULADOS,,14364
CHACO,VOTOS RECURRIDOS E IMPUGNADOS,,0
CHACO,TOTAL DE  VOTANTES,,626355
CHUBUT,ELECTORES HABILES,,435094
CHUBUT,FRENTE PARA LA VICTORIA,,98079
CHUBUT,FRENTE PARA LA VICTORIA,Z -  FEDERACION PERONISTA,31737
CHUBUT,FRENTE PARA LA VICTORIA,H - PRIMERO CHUBUT,21517
CHUBUT,FRENTE PARA LA VICTORIA,A - UNIDAD CIUDADANA #ES NUESTRO,21424
CHUBUT,FRENTE PARA LA VICTORIA,T - UNIDAD PERONISTA POR LA PRODUCCION Y EL TRABAJO ,12322
CHUBUT,FRENTE PARA LA VICTORIA,P - BLANCA Y CELESTE,7461
CHUBUT,FRENTE PARA LA VICTORIA,E - MOVIMIENTO JUSTICIA SOCIAL,3618
CHUBUT,CHUBUT PARA TOOS,,80228
CHUBUT,CHUBUT PARA TOOS,A - POR SIEMPRE CHUBUT,80228
CHUBUT,CAMBIEMOS CHUBUT,,76365
CHUBUT,CAMBIEMOS CHUBUT,A - CAMBIANDO JUNTOS,76365
CHUBUT,DEL OBRERO,,10856
CHUBUT,DEL OBRERO,1A - FRENTE DE IZQUIERDA,10856
CHUBUT,SOCIALISTA AUTENTICO DEL CHUBUT,,9555
CHUBUT,SOCIALISTA AUTENTICO DEL CHUBUT,A 1RO. DE MAYO,9555
CHUBUT,MOVIMIENTO SOCIALISTA DE LOS TRABAJADORES,,9012
CHUBUT,MOVIMIENTO SOCIALISTA DE LOS TRABAJADORES,A - IZQUIERDA AL FRENTE,9012
CHUBUT,DEL TRABAJO Y DEL PUEBLO,,5740
CHUBUT,DEL TRABAJO Y DEL PUEBLO,A - FRENTE POPULAR,5740
CHUBUT,VOTOS POSITIVOS,,289835
CHUBUT,VOTOS EN BLANCO,,7881
CHUBUT,VOTOS ANULADOS,,17730
CHUBUT,VOTOS RECURRIDOS E IMPUGNADOS,,0
CHUBUT,TOTAL DE  VOTANTES,,315446
ENTRE RIOS,ELECTORES HABILES,,1076916
ENTRE RIOS,CAMBIEMOS,,375301
ENTRE RIOS,CAMBIEMOS,CAMBIANDO JUNTOS,301970
ENTRE RIOS,CAMBIEMOS,RENOVACION,45512
ENTRE RIOS,CAMBIEMOS,AYUDANOS A CAMBIAR,27819
ENTRE RIOS,FRENTE JUSTICIALISTA SOMOS ENTRE RIOS,,331466
ENTRE RIOS,FRENTE JUSTICIALISTA SOMOS ENTRE RIOS,SOMOS ENTRE RIOS,206561
ENTRE RIOS,FRENTE JUSTICIALISTA SOMOS ENTRE RIOS,UNION CIUDADANA,50948
ENTRE RIOS,FRENTE JUSTICIALISTA SOMOS ENTRE RIOS,LIBRES PENSADORES,15408
ENTRE RIOS,FRENTE JUSTICIALISTA SOMOS ENTRE RIOS,CELESTE POR LOS TRABAJADORES,11959
ENTRE RIOS,FRENTE JUSTICIALISTA SOMOS ENTRE RIOS,JUSTICIA Y DIGNIDAD PERONISTA,11226
ENTRE RIOS,FRENTE JUSTICIALISTA SOMOS ENTRE RIOS,LA PATRIA ES EL OTRO,10523
ENTRE RIOS,FRENTE JUSTICIALISTA SOMOS ENTRE RIOS,VIVA PERON!! - VIVA ENTRE RIOS!!,9210
ENTRE RIOS,FRENTE JUSTICIALISTA SOMOS ENTRE RIOS,POR LA PRODUCCION EL TRABAJO Y LA JUSTICIA SOCIAL,7912
ENTRE RIOS,FRENTE JUSTICIALISTA SOMOS ENTRE RIOS,SENTIMIENTO FEDERAL,4411
ENTRE RIOS,FRENTE JUSTICIALISTA SOMOS ENTRE RIOS,FUERZA NUEVA,3308
ENTRE RIOS,NUEVA IZQUIERDA,,30857
ENTRE RIOS,NUEVA IZQUIERDA,IZQUIERDA AL FRENTE,30857
ENTRE RIOS,SOCIALISTA,,30521
ENTRE RIOS,SOCIALISTA,ENCUENTRO SOCIAL,30521
ENTRE RIOS,VOTOS POSITIVOS,,768145
ENTRE RIOS,VOTOS EN BLANCO,,18735
ENTRE RIOS,VOTOS ANULADOS,,38881
ENTRE RIOS,VOTOS RECURRIDOS E IMPUGNADOS,,0
ENTRE RIOS,TOTAL DE  VOTANTES,,825761
FORMOSA,ELECTORES HABILES,,442941
FORMOSA,FRENTE DE LA VICTORIA,,175286
FORMOSA,FRENTE DE LA VICTORIA,CELESTE BLANCA Y AZUL,175286
FORMOSA,FRENTE AMPLIO FORMOSE헲 CAMBIEMOS,,109926
FORMOSA,FRENTE AMPLIO FORMOSE헲 CAMBIEMOS,VAMOS JUNTOS,109926
FORMOSA,OBRERO,,7178
FORMOSA,OBRERO,ROJA 1,7178
FORMOSA,PRINCIPIOS Y CONVICCION,,6235
FORMOSA,PRINCIPIOS Y CONVICCION,ESPERANZA,6235
FORMOSA,UNION POPULAR,,2629
FORMOSA,UNION POPULAR,BLANCA,2629
FORMOSA,SOCIALISTA,,1864
FORMOSA,SOCIALISTA,LISTA UNICA,1864
FORMOSA,AUTONOMISTA,,904
FORMOSA,AUTONOMISTA,DORADA,904
FORMOSA,VOTOS POSITIVOS,,304022
FORMOSA,VOTOS EN BLANCO,,7031
FORMOSA,VOTOS ANULADOS,,3925
FORMOSA,VOTOS RECURRIDOS E IMPUGNADOS,,0
FORMOSA,TOTAL DE  VOTANTES,,314978
JUJUY,ELECTORES HABILES,,537729
JUJUY,FRENTE JUE헲 CAMBIEMOS,,139499
JUJUY,FRENTE JUE헲 CAMBIEMOS,A - CAMBIANDO JUNTOS,139499
JUJUY,FRENTE JUSTICIALISTA,,116088
JUJUY,FRENTE JUSTICIALISTA,A - POR JUJUY,33634
JUJUY,FRENTE JUSTICIALISTA,E - SI POR LA IGUALDAD,32383
JUJUY,FRENTE JUSTICIALISTA,D - JUJUY AVANZA,25976
JUJUY,FRENTE JUSTICIALISTA,C - EL PERONISMO VUELVE,11851
JUJUY,FRENTE JUSTICIALISTA,F - CELESTE Y BLANCO DE LOS TRABAJADORES,8337
JUJUY,FRENTE JUSTICIALISTA,B - AZUL HONESTIDAD,3907
JUJUY,FRENTE RENOVADOR 1PAIS,,49855
JUJUY,FRENTE RENOVADOR 1PAIS,1 - RENOVACION,22941
JUJUY,FRENTE RENOVADOR 1PAIS,3 - UNA JUJUY,18803
JUJUY,FRENTE RENOVADOR 1PAIS,2 - RENOVEMOS JUJUY,8111
JUJUY,FRENTE DE IZQUIERDA Y DE LOS TRABAJADORES,,48544
JUJUY,FRENTE DE IZQUIERDA Y DE LOS TRABAJADORES,1 ROJA,48544
JUJUY,MOVIMIENTO DE INTEGRACION LATINOAMERICANA DE EXPRESION SOCIAL,,10410
JUJUY,MOVIMIENTO DE INTEGRACION LATINOAMERICANA DE EXPRESION SOCIAL,POR LA UNIDAD CIUDADANA JUJUY,10410
JUJUY,MOVIMIENTO SOCIALISTA DE LOS TRABAJADORES,,6540
JUJUY,MOVIMIENTO SOCIALISTA DE LOS TRABAJADORES,IZQUIERDA AL FRENTE,6540
JUJUY,COMPROMISO FEDERAL,,4643
JUJUY,COMPROMISO FEDERAL,COMPROMISO CON EL PUEBLO,4643
JUJUY,NACIONALISTA CONSTITUCIONAL UNIR,,3060
JUJUY,NACIONALISTA CONSTITUCIONAL UNIR,UNIR MI JUJUY,3060
JUJUY,VOTOS POSITIVOS,,378639
JUJUY,VOTOS EN BLANCO,,11245
JUJUY,VOTOS ANULADOS,,10565
JUJUY,VOTOS RECURRIDOS E IMPUGNADOS,,0
JUJUY,TOTAL DE  VOTANTES,,400449
LA PAMPA,ELECTORES HABILES,,282018
LA PAMPA,FRENTE CAMBIEMOS LA PAMPA,,98221
LA PAMPA,FRENTE CAMBIEMOS LA PAMPA,CAMBIAR LA PAMPA,42037
LA PAMPA,FRENTE CAMBIEMOS LA PAMPA,RENOVACION Y CAMBIO,30679
LA PAMPA,FRENTE CAMBIEMOS LA PAMPA,JUNTOS POR LA PAMPA,25505
LA PAMPA,JUSTICIALISTA,,76941
LA PAMPA,JUSTICIALISTA,PERONISTAS DE LA PAMPA,60269
LA PAMPA,JUSTICIALISTA,FRENTE PERONISTA BARRIAL,8501
LA PAMPA,JUSTICIALISTA,CIUDADANOS EN ACCION,3296
LA PAMPA,JUSTICIALISTA,PERONISTAS SI PERSEGUIDOS NO (PSPN),2670
LA PAMPA,JUSTICIALISTA,AGRUPACION 4 DE JUNIO,2205
LA PAMPA,FRENTE PROGRESISTA PAMPEANO,,8893
LA PAMPA,FRENTE PROGRESISTA PAMPEANO,ES EL MOMENTO,4832
LA PAMPA,FRENTE PROGRESISTA PAMPEANO,MAS PARA LA GENTE,4061
LA PAMPA,HUMANISTA,,4341
LA PAMPA,HUMANISTA,COHERENCIA,4341
LA PAMPA,IZQUIERDA AL FRENTE POR EL SOCIALISMO,,3976
LA PAMPA,IZQUIERDA AL FRENTE POR EL SOCIALISMO,UNIDAD DE LA IZQUIERDA,3976
LA PAMPA,DE LOS TRABAJADORES SOCIALISTAS,,3747
LA PAMPA,DE LOS TRABAJADORES SOCIALISTAS,ROJA,3747
LA PAMPA,VOTOS POSITIVOS,,196119
LA PAMPA,VOTOS EN BLANCO,,3713
LA PAMPA,VOTOS ANULADOS,,7867
LA PAMPA,VOTOS RECURRIDOS E IMPUGNADOS,,0
LA PAMPA,TOTAL DE  VOTANTES,,207699
LA RIOJA,ELECTORES HABILES,,280598
LA RIOJA,FRENTE JUSTICIALISTA RIOJANO,,78376
LA RIOJA,FRENTE JUSTICIALISTA RIOJANO,RIOJA FEDERAL,78376
LA RIOJA,CAMBIEMOS - FUERZA CIVICA RIOJANA,,58104
LA RIOJA,CAMBIEMOS - FUERZA CIVICA RIOJANA,CAMBIA LA RIOJA,58104
LA RIOJA,MOVIMIENTO NORTE GRANDE,,12129
LA RIOJA,MOVIMIENTO NORTE GRANDE,AZUL,12129
LA RIOJA,UNA RIOJA,,11336
LA RIOJA,UNA RIOJA,UNIDAD,11336
LA RIOJA,FRENTE DE IZQUIERDA Y DE LOS TRABAJADORES,,4334
LA RIOJA,FRENTE DE IZQUIERDA Y DE LOS TRABAJADORES,1 ROJA,4334
LA RIOJA,ALTERNATIVA POPULAR RIOJANA,,4220
LA RIOJA,ALTERNATIVA POPULAR RIOJANA,CIUDADANOS POR LA VICTORIA,4220
LA RIOJA,IZQUIERDA AL FRENTE POR EL SOCIALISMO,,3522
LA RIOJA,IZQUIERDA AL FRENTE POR EL SOCIALISMO,UNIDAD DE LA IZQUIERDA,3522
LA RIOJA,VOTOS POSITIVOS,,172021
LA RIOJA,VOTOS EN BLANCO,,9560
LA RIOJA,VOTOS ANULADOS,,4485
LA RIOJA,VOTOS RECURRIDOS E IMPUGNADOS,,0
LA RIOJA,TOTAL DE  VOTANTES,,186066
MENDOZA,ELECTORES HABILES,,1407776
MENDOZA,CAMBIEMOS,,438531
MENDOZA,CAMBIEMOS,EQUIPO DE GOBIERNO,406486
MENDOZA,CAMBIEMOS,DIGNIDAD PARTIDARIA,32045
MENDOZA,FRENTE SOMOS MENDOZA,,355782
MENDOZA,FRENTE SOMOS MENDOZA,NUEVA CONDUCCION,158420
MENDOZA,FRENTE SOMOS MENDOZA,UNIDAD CIUDADANA PARA TENER FUTURO,138853
MENDOZA,FRENTE SOMOS MENDOZA,CONSTRUYENDO,58509
MENDOZA,FRENTE DE IZQUIERDA Y DE LOS TRABAJADORES,,94309
MENDOZA,FRENTE DE IZQUIERDA Y DE LOS TRABAJADORES,1 ROJA,94309
MENDOZA,INTRANSIGENTE,,79975
MENDOZA,INTRANSIGENTE,PROTECTORA,79975
MENDOZA,ENCUENTRO POR MENDOZA,,20943
MENDOZA,ENCUENTRO POR MENDOZA,AZUL Y BLANCA,20943
MENDOZA,VERDE,,18156
MENDOZA,VERDE,LISTA UNIDAD,18156
MENDOZA,DEL TRABAJO Y DEL PUEBLO,,12370
MENDOZA,DEL TRABAJO Y DEL PUEBLO,AHORA EL PUEBLO,12370
MENDOZA,PODEMOS CON LA IZQUIERDA,,8388
MENDOZA,PODEMOS CON LA IZQUIERDA,UNIDAD,8388
MENDOZA,VOTOS POSITIVOS,,1028454
MENDOZA,VOTOS EN BLANCO,,46884
MENDOZA,VOTOS ANULADOS,,32548
MENDOZA,VOTOS RECURRIDOS E IMPUGNADOS,,0
MENDOZA,TOTAL DE  VOTANTES,,1107886
MISIONES,ELECTORES HABILES,,894642
MISIONES,FRENTE RENOVADOR DE LA CONCORDIA,,260192
MISIONES,FRENTE RENOVADOR DE LA CONCORDIA,ROJA AZUL Y BLANCA,260192
MISIONES,FRENTE CAMBIEMOS,,183857
MISIONES,FRENTE CAMBIEMOS,CAMBIANDO JUNTOS,183857
MISIONES,AGRARIO Y SOCIAL,,71310
MISIONES,AGRARIO Y SOCIAL,VERDE K,71310
MISIONES,UNION POPULAR,,26308
MISIONES,UNION POPULAR,P - UNIDAD,26308
MISIONES,FRENTE AVANCEMOS,,23836
MISIONES,FRENTE AVANCEMOS,A - 1PROVINCIA,23836
MISIONES,NUEVO OCTUBRE,,19532
MISIONES,NUEVO OCTUBRE,PODEMOS,19532
MISIONES,DEL OBRERO,,18375
MISIONES,DEL OBRERO,1 ROJA,18375
MISIONES,INSTRUMENTO ELECTORAL POR LA UNIDAD POPULAR,,13031
MISIONES,INSTRUMENTO ELECTORAL POR LA UNIDAD POPULAR,FRENTE POPULAR,13031
MISIONES,COMPROMISO FEDERAL,,3875
MISIONES,COMPROMISO FEDERAL,AMARILLO Y NEGRO,3875
MISIONES,VOTOS POSITIVOS,,620316
MISIONES,VOTOS EN BLANCO,,20399
MISIONES,VOTOS ANULADOS,,11171
MISIONES,VOTOS RECURRIDOS E IMPUGNADOS,,0
MISIONES,TOTAL DE  VOTANTES,,651886
NEUQUEN,ELECTORES HABILES,,489526
NEUQUEN,CAMBIEMOS,,89971
NEUQUEN,CAMBIEMOS,VAMOS JUNTOS,69652
NEUQUEN,CAMBIEMOS,POR VOS,20319
NEUQUEN,MOVIMIENTO POPULAR NEUQUINO,,81821
NEUQUEN,MOVIMIENTO POPULAR NEUQUINO,PASION POR NEUQUEN,78439
NEUQUEN,MOVIMIENTO POPULAR NEUQUINO,LINEA VERDE MANZANA,3382
NEUQUEN,UNIDAD CIUDADANA PARA LA VICTORIA,,64937
NEUQUEN,UNIDAD CIUDADANA PARA LA VICTORIA,CELESTE Y BLANCA,64937
NEUQUEN,FRENTE NEUQUINO,,64817
NEUQUEN,FRENTE NEUQUINO,A,64817
NEUQUEN,FRENTE DE IZQUIERDA Y DE LOS TRABAJADORES,,24333
NEUQUEN,FRENTE DE IZQUIERDA Y DE LOS TRABAJADORES,ROJA,24333
NEUQUEN,MOVIMIENTO LIBRES DEL SUR,,17715
NEUQUEN,MOVIMIENTO LIBRES DEL SUR,LIBRES,17715
NEUQUEN,1PAIS FRENTE RENOVADOR NEUQUEN +A,,9157
NEUQUEN,1PAIS FRENTE RENOVADOR NEUQUEN +A,UNA CIUDAD UNA PROVINCIA UN PAIS,9157
NEUQUEN,NUEVA IZQUIERDA,,9122
NEUQUEN,NUEVA IZQUIERDA,UNIDAD DE LA IZQUIERDA,9122
NEUQUEN,VOTOS POSITIVOS,,361873
NEUQUEN,VOTOS EN BLANCO,,4481
NEUQUEN,VOTOS ANULADOS,,20779
NEUQUEN,VOTOS RECURRIDOS E IMPUGNADOS,,
NEUQUEN,TOTAL DE  VOTANTES,,387133
RIO NEGRO,ELECTORES HABILES,,537093
RIO NEGRO,FRENTE PARA LA VICTORIA,,154090
RIO NEGRO,FRENTE PARA LA VICTORIA,UNIDAD CELESTE Y BLANCA,154090
RIO NEGRO,CAMBIEMOS RIO NEGRO,,72969
RIO NEGRO,CAMBIEMOS RIO NEGRO,UNIDAD AMARILLA ROJA Y BLANCA,72969
RIO NEGRO,JUNTOS SOMOS RIO NEGRO,,68999
RIO NEGRO,JUNTOS SOMOS RIO NEGRO,VERDE ORGULLO RIONEGRINO,68999
RIO NEGRO,COALICION CIVICA - ARI,,47984
RIO NEGRO,COALICION CIVICA - ARI,AGUA TIERRA ENERGIAS LIMPIAS - NO A LA PLANTA NUCLEAR,47984
RIO NEGRO,FRENTE DE IZQUIERDA Y DE LOS TRABAJADORES,,14791
RIO NEGRO,FRENTE DE IZQUIERDA Y DE LOS TRABAJADORES,1 ROJA,14791
RIO NEGRO,IZQUIERDA AL FRENTE POR EL SOCIALISMO,,8028
RIO NEGRO,IZQUIERDA AL FRENTE POR EL SOCIALISMO,1 UNIDAD DE LA IZQUIERDA,8028
RIO NEGRO,SOCIALISTA,,6499
RIO NEGRO,SOCIALISTA,ALFREDO BRAVO,6499
RIO NEGRO,VOTOS POSITIVOS,,373360
RIO NEGRO,VOTOS EN BLANCO,,4801
RIO NEGRO,VOTOS ANULADOS,,13947
RIO NEGRO,VOTOS RECURRIDOS E IMPUGNADOS,,0
RIO NEGRO,TOTAL DE  VOTANTES,,392108
SALTA,ELECTORES HABILES,,991298
SALTA,FRENTE UNIDAD Y RENOVACION,,247299
SALTA,FRENTE UNIDAD Y RENOVACION,COMPROMISO,77281
SALTA,FRENTE UNIDAD Y RENOVACION,CONSTRUIMOS,53499
SALTA,FRENTE UNIDAD Y RENOVACION,HACIA UN FUTURO MEJOR,39015
SALTA,FRENTE UNIDAD Y RENOVACION,NUEVA EXPRESION JUSTICIALISTA,32237
SALTA,FRENTE UNIDAD Y RENOVACION,DESARROLLO Y TRABAJO,29136
SALTA,FRENTE UNIDAD Y RENOVACION,CONSENSO Y LEALTAD PROVINCIAL,16131
SALTA,CAMBIEMOS PAIS,,154004
SALTA,CAMBIEMOS PAIS,CAMBIEMOS JUNTOS,119624
SALTA,CAMBIEMOS PAIS,EVOLUCION CIUDADANA,34380
SALTA,FRENTE CIUDADANO PARA LA VICTORIA,,115131
SALTA,FRENTE CIUDADANO PARA LA VICTORIA,UNIDAD CIUDADANA PARA LA VICTORIA,115131
SALTA,FRENTE DE IZQUIERDA Y DE LOS TRABAJADORES,,46558
SALTA,FRENTE DE IZQUIERDA Y DE LOS TRABAJADORES,1 - A,46558
SALTA,SALTA SOMOS TODOS,,38605
SALTA,SALTA SOMOS TODOS,JUNTOS SALTA SOMOS TODOS,38605
SALTA,FRENTE POPULAR PARA LA LIBERACION,,12452
SALTA,FRENTE POPULAR PARA LA LIBERACION,FRENTE POPULAR PARA LA LIBERACION,12452
SALTA,MOVIMIENTO SOCIALISTA DE LOS TRABAJADORES,,9818
SALTA,MOVIMIENTO SOCIALISTA DE LOS TRABAJADORES,MST - NUEVA IZQUIERDA,9818
SALTA,COMPROMISO FEDERAL,,7345
SALTA,COMPROMISO FEDERAL,UNIDAD FEDERAL,7345
SALTA,VOTOS POSITIVOS,,631212
SALTA,VOTOS EN BLANCO,,15913
SALTA,VOTOS ANULADOS,,18160
SALTA,VOTOS RECURRIDOS E IMPUGNADOS,,0
SALTA,TOTAL DE  VOTANTES,,665285
SAN JUAN,ELECTORES HABILES,,554318
SAN JUAN,FRENTE TODOS,,202757
SAN JUAN,FRENTE TODOS,SAN JUAN PRIMERO,202757
SAN JUAN,CAMBIEMOS POR SAN JUAN,,125023
SAN JUAN,CAMBIEMOS POR SAN JUAN,CAMBIANDO JUNTOS,104009
SAN JUAN,CAMBIEMOS POR SAN JUAN,RENOVACION,21014
SAN JUAN,1 PAIS - SOMOS SAN JUAN,,27090
SAN JUAN,1 PAIS - SOMOS SAN JUAN,1 PROVINCIA,27090
SAN JUAN,ACCION POR UNA DEMOCRACIA NUEVA,,11813
SAN JUAN,ACCION POR UNA DEMOCRACIA NUEVA,SANJUANINO,7516
SAN JUAN,ACCION POR UNA DEMOCRACIA NUEVA,JUNTOS,4297
SAN JUAN,MOVIMIENTO DE VIDA Y COMPROMISO,,11022
SAN JUAN,MOVIMIENTO DE VIDA Y COMPROMISO,CELESTE,11022
SAN JUAN,FRENTE PROGRESISTA POPULAR,,9424
SAN JUAN,FRENTE PROGRESISTA POPULAR,PARTICIPACION,9424
SAN JUAN,NUEVA IZQUIERDA,,6799
SAN JUAN,NUEVA IZQUIERDA,UNIDAD,6799
SAN JUAN,NUEVA DIRIGENCIA,,6780
SAN JUAN,NUEVA DIRIGENCIA,ESPACIO Y DESARROLLO,6780
SAN JUAN,IZQUIERDA POR UNA OPCION SOCIALISTA,,6187
SAN JUAN,IZQUIERDA POR UNA OPCION SOCIALISTA,HACIA EL FRENTE DE IZQUIERDA Y DE LOS TRABAJADORES,6187
SAN JUAN,VOTOS POSITIVOS,,406895
SAN JUAN,VOTOS EN BLANCO,,13148
SAN JUAN,VOTOS ANULADOS,,10168
SAN JUAN,VOTOS RECURRIDOS E IMPUGNADOS,,0
SAN JUAN,TOTAL DE  VOTANTES,,430211
SAN LUIS,ELECTORES HABILES,,376896
SAN LUIS,AVANZAR Y CAMBIEMOS POR SAN LUIS,,156548
SAN LUIS,AVANZAR Y CAMBIEMOS POR SAN LUIS,UNIDAD Y CONSENSO POR SAN LUIS,152466
SAN LUIS,AVANZAR Y CAMBIEMOS POR SAN LUIS,MOVIMIENTO RECUPERACION Y CAMBIO,4082
SAN LUIS,FRENTE UNIDAD JUSTICIALISTA SAN LUIS,,106184
SAN LUIS,FRENTE UNIDAD JUSTICIALISTA SAN LUIS,EL CAMBIO CONTINUA,106184
SAN LUIS,DE TRABAJADORES POR EL SOCIALISMO,,5907
SAN LUIS,DE TRABAJADORES POR EL SOCIALISMO,FRENTE DE IZQUIERDA,5907
SAN LUIS,GEN,,1975
SAN LUIS,GEN,UN SAN LUIS,1975
SAN LUIS,MOVIMIENTO SOCIALISTA DE LOS TRABAJADORES,,1443
SAN LUIS,MOVIMIENTO SOCIALISTA DE LOS TRABAJADORES,VAMOS POR UNA IZQUIERDA AL FRENTE,1443
SAN LUIS,VOTOS POSITIVOS,,272057
SAN LUIS,VOTOS EN BLANCO,,14759
SAN LUIS,VOTOS ANULADOS,,6051
SAN LUIS,VOTOS RECURRIDOS E IMPUGNADOS,,0
SAN LUIS,TOTAL DE  VOTANTES,,292867
SANTA CRUZ,ELECTORES HABILES,,248389
SANTA CRUZ,UNION PARA VIVIR MEJOR,,75128
SANTA CRUZ,UNION PARA VIVIR MEJOR,JUNTOS POR EL CAMBIO,50444
SANTA CRUZ,UNION PARA VIVIR MEJOR,INTEGRACION CIUDADANA,20799
SANTA CRUZ,UNION PARA VIVIR MEJOR,EL CAMINO DEL CAMBIO,3885
SANTA CRUZ,FRENTE PARA LA VICTORIA,,47701
SANTA CRUZ,FRENTE PARA LA VICTORIA,UNIDOS POR SANTA CRUZ,38826
SANTA CRUZ,FRENTE PARA LA VICTORIA,SOMOS SANTA CRUZ,8875
SANTA CRUZ,FRENTE DE IZQUIERDA Y DE LOS TRABAJADORES - PARTIDO OBRERO + IZQUIERDA POR UNA OPCION SOCIALISTA,,13496
SANTA CRUZ,FRENTE DE IZQUIERDA Y DE LOS TRABAJADORES - PARTIDO OBRERO + IZQUIERDA POR UNA OPCION SOCIALISTA,1  ROJA,13496
SANTA CRUZ,MOVIMIENTO POLITICO Y CULTURAL PROYECTO SUR,,11464
SANTA CRUZ,MOVIMIENTO POLITICO Y CULTURAL PROYECTO SUR,MEJOR ES HACER,11464
SANTA CRUZ,FRENTE RENOVADOR AUTENTICO,,6435
SANTA CRUZ,FRENTE RENOVADOR AUTENTICO,1 PROVINCIA,6435
SANTA CRUZ,IZQUIERDA AL FRENTE POR EL SOCIALISMO,,4172
SANTA CRUZ,IZQUIERDA AL FRENTE POR EL SOCIALISMO, UNIDAD,4172
SANTA CRUZ,VOTOS POSITIVOS,,158396
SANTA CRUZ,VOTOS EN BLANCO,,5643
SANTA CRUZ,VOTOS ANULADOS,,8468
SANTA CRUZ,VOTOS RECURRIDOS E IMPUGNADOS,,0
SANTA CRUZ,TOTAL DE  VOTANTES,,172507
SANTIAGO DEL ESTERO,ELECTORES HABILES,,735444
SANTIAGO DEL ESTERO,FRENTE CIVICO POR SANTIAGO,,359110
SANTIAGO DEL ESTERO,FRENTE CIVICO POR SANTIAGO,A - TODOS POR SANTIAGO,359110
SANTIAGO DEL ESTERO,CAMBIEMOS,,87280
SANTIAGO DEL ESTERO,CAMBIEMOS,A - CAMBIANDO JUNTOS,87280
SANTIAGO DEL ESTERO,FRENTE RENOVADOR 1PAIS,,58653
SANTIAGO DEL ESTERO,FRENTE RENOVADOR 1PAIS,A - UN PAIS UNIDO HOY Y SIEMPRE,58653
SANTIAGO DEL ESTERO,IZQUIERDA POR UNA OPCION SOCIALISTA,,18582
SANTIAGO DEL ESTERO,IZQUIERDA POR UNA OPCION SOCIALISTA,HACIA EL FRENTE DE IZQUIERDA,18582
SANTIAGO DEL ESTERO,POPULAR,,12101
SANTIAGO DEL ESTERO,POPULAR,1A - CRUZADA SANTIAGUE헤,12101
SANTIAGO DEL ESTERO,VOTOS POSITIVOS,,535726
SANTIAGO DEL ESTERO,VOTOS EN BLANCO,,6793
SANTIAGO DEL ESTERO,VOTOS ANULADOS,,6226
SANTIAGO DEL ESTERO,VOTOS RECURRIDOS E IMPUGNADOS,,0
SANTIAGO DEL ESTERO,TOTAL DE  VOTANTES,,548745
TUCUMAN,ELECTORES HABILES,,1217271
TUCUMAN,FRENTE JUSTICIALISTA POR TUCUMAN,,494543
TUCUMAN,FRENTE JUSTICIALISTA POR TUCUMAN,C - CELESTE Y BLANCA,441029
TUCUMAN,FRENTE JUSTICIALISTA POR TUCUMAN,E - UNIDAD CIUDADANA - MAGENTA,24082
TUCUMAN,FRENTE JUSTICIALISTA POR TUCUMAN,D - RENOVACION CON MASSA - LILA,10594
TUCUMAN,FRENTE JUSTICIALISTA POR TUCUMAN,B - MUP AMARILLA,8045
TUCUMAN,FRENTE JUSTICIALISTA POR TUCUMAN,I - AGRUPACION POLITICA SINDICAL - GRIS,3106
TUCUMAN,FRENTE JUSTICIALISTA POR TUCUMAN,F - EL PERONISMO VUELVE - VERDE,2835
TUCUMAN,FRENTE JUSTICIALISTA POR TUCUMAN,A - NARANJA,1927
TUCUMAN,FRENTE JUSTICIALISTA POR TUCUMAN,H - PERONISMO NACION - AZUL,1681
TUCUMAN,FRENTE JUSTICIALISTA POR TUCUMAN,G - FEDERALISMO Y CRECIMIENTO - ROSA,1244
TUCUMAN,CAMBIEMOS PARA EL BICENTENARIO,,294389
TUCUMAN,CAMBIEMOS PARA EL BICENTENARIO,A - CAMBIANDO JUNTOS,294389
TUCUMAN,FUERZA REPUBLICANA,,90322
TUCUMAN,FUERZA REPUBLICANA,CELESTE Y BLANCA,90322
TUCUMAN,FRENTE DE IZQUIERDA Y DE LOS TRABAJADORES,,31657
TUCUMAN,FRENTE DE IZQUIERDA Y DE LOS TRABAJADORES,1  ROJA,31657
TUCUMAN,FRENTE AMPLIO TUCUMANO,,13245
TUCUMAN,FRENTE AMPLIO TUCUMANO,DE UNIDAD,13245
TUCUMAN,MOVIMIENTO SOCIALISTA DE LOS TRABAJADORES,,8899
TUCUMAN,MOVIMIENTO SOCIALISTA DE LOS TRABAJADORES,UNIDAD,8899
TUCUMAN,MOVIMIENTO DE PARTICIPACION CIUDADANA,,4394
TUCUMAN,MOVIMIENTO DE PARTICIPACION CIUDADANA,COMPROMISO CIUDADANO TRABAJO Y HONESTIDAD,4394
TUCUMAN,VOTOS POSITIVOS,,937449
TUCUMAN,VOTOS EN BLANCO,,10742
TUCUMAN,VOTOS ANULADOS,,17894
TUCUMAN,VOTOS RECURRIDOS E IMPUGNADOS,,0
TUCUMAN,TOTAL DE  VOTANTES,,966085
TIERRA DEL FUEGO,ELECTORES HABILES,,133023
TIERRA DEL FUEGO,FRENTE CIUDADANO Y SOCIAL,,19281
TIERRA DEL FUEGO,FRENTE CIUDADANO Y SOCIAL,INTEGRACION Y PARTICIPACION,19281
TIERRA DEL FUEGO,CAMBIEMOS TIERRA DEL FUEGO,,17720
TIERRA DEL FUEGO,CAMBIEMOS TIERRA DEL FUEGO,HACIENDO LO QUE HAY QUE HACER,17720
TIERRA DEL FUEGO,FRENTE TIERRA DE UNION,,16199
TIERRA DEL FUEGO,FRENTE TIERRA DE UNION,CELESTE Y BLANCA,16199
TIERRA DEL FUEGO,UNIR TDF,,12963
TIERRA DEL FUEGO,UNIR TDF,CELESTE,12963
TIERRA DEL FUEGO,FEDERAL FUEGUINO,,5929
TIERRA DEL FUEGO,FEDERAL FUEGUINO,ORGULLO FUEGUINO,5929
TIERRA DEL FUEGO,INSTRUMENTO ELECTORAL POR LA UNIDAD POPULAR,,5228
TIERRA DEL FUEGO,INSTRUMENTO ELECTORAL POR LA UNIDAD POPULAR,FRENTE SOLIDARIO Y POPULAR DE LOS TRABAJADORES,5228
TIERRA DEL FUEGO,INICIATIVA POR LA UNION,,5196
TIERRA DEL FUEGO,INICIATIVA POR LA UNION,ALTERNATIVA PUEBLO FUEGUINO,5196
TIERRA DEL FUEGO,OBRERO,,3158
TIERRA DEL FUEGO,OBRERO,1 ROJA,3158
TIERRA DEL FUEGO,DE LA CULTURA LA EDUCACION Y EL TRABAJO,,2496
TIERRA DEL FUEGO,DE LA CULTURA LA EDUCACION Y EL TRABAJO,PENSANDO COMO VOS,2496
TIERRA DEL FUEGO,POPULAR,,749
TIERRA DEL FUEGO,POPULAR,ACCION POPULAR,749
TIERRA DEL FUEGO,MOVIMIENTO POLITICO SOCIAL Y CULTURAL PROYECTO SUR,,652
TIERRA DEL FUEGO,MOVIMIENTO POLITICO SOCIAL Y CULTURAL PROYECTO SUR,CELESTE,652
TIERRA DEL FUEGO,VOTOS POSITIVOS,,89571
TIERRA DEL FUEGO,VOTOS EN BLANCO,,1050
TIERRA DEL FUEGO,VOTOS ANULADOS,,5612
TIERRA DEL FUEGO,VOTOS RECURRIDOS E IMPUGNADOS,,0
TIERRA DEL FUEGO,TOTAL DE  VOTANTES,,96233
SANTA FE,ELECTORES HABILES,,2715608
SANTA FE,FRENTE JUSTICIALISTA,,516803
SANTA FE,FRENTE JUSTICIALISTA,UNIDAD CIUDADANA,321188
SANTA FE,FRENTE JUSTICIALISTA,NUEVO ESPACIO SANTAFESINO,180181
SANTA FE,FRENTE JUSTICIALISTA,COMPROMISO POR SANTA FE,15434
SANTA FE,CAMBIEMOS,,500832
SANTA FE,CAMBIEMOS,CAMBIANDO JUNTOS,500832
SANTA FE,FRENTE PROGRESISTA CIVICO Y SOCIAL,,220728
SANTA FE,FRENTE PROGRESISTA CIVICO Y SOCIAL,ADELANTE,178536
SANTA FE,FRENTE PROGRESISTA CIVICO Y SOCIAL,SUMEMOS POR SANTA FE,42192
SANTA FE,UNITE POR LA LIBERTAD Y LA DIGNIDAD,,114923
SANTA FE,UNITE POR LA LIBERTAD Y LA DIGNIDAD,FUERZA PARA EL CAMBIO,95226
SANTA FE,UNITE POR LA LIBERTAD Y LA DIGNIDAD,ESPERANZA SANTAFESINA,3572
SANTA FE,UNITE POR LA LIBERTAD Y LA DIGNIDAD,NUEVA DEMOCRACIA,3065
SANTA FE,UNITE POR LA LIBERTAD Y LA DIGNIDAD,SALUD COMUNITARIA,2904
SANTA FE,UNITE POR LA LIBERTAD Y LA DIGNIDAD,CIUDADANOS RESPONSABLES,2787
SANTA FE,UNITE POR LA LIBERTAD Y LA DIGNIDAD,UN NUEVO TIEMPO,2374
SANTA FE,UNITE POR LA LIBERTAD Y LA DIGNIDAD,COMPRENSION,2161
SANTA FE,UNITE POR LA LIBERTAD Y LA DIGNIDAD,JUNTOS PARA GANAR,1712
SANTA FE,UNITE POR LA LIBERTAD Y LA DIGNIDAD,FRENTE DE UNIDAD NACIENTE,1122
SANTA FE,1 PROYECTO SANTAFESINO,,78172
SANTA FE,1 PROYECTO SANTAFESINO,RENOVANDO SANTA FE,78172
SANTA FE,POPULAR,,65008
SANTA FE,POPULAR,UNA SANTA FE RENOVADA,46047
SANTA FE,POPULAR,MUJERES UNIDAS,8034
SANTA FE,POPULAR,LA PATRIA SOMOS TODOS,3573
SANTA FE,POPULAR,RED CIUDADANA SANTAFESINA,3326
SANTA FE,POPULAR,PROTAGONISTAS,2313
SANTA FE,POPULAR,MOVIMIENTO DE RENOVACION SANTAFESINA,1715
SANTA FE,CIUDAD FUTURA,,55796
SANTA FE,CIUDAD FUTURA,EL PODER DE LAS MUJERES,55796
SANTA FE,FRENTE SOCIAL Y POPULAR,,54116
SANTA FE,FRENTE SOCIAL Y POPULAR,UNIDAD SOCIAL Y POPULAR,54116
SANTA FE,FRENTE DE IZQUIERDA Y DE LOS TRABAJADORES,,39848
SANTA FE,FRENTE DE IZQUIERDA Y DE LOS TRABAJADORES,ROJA,39848
SANTA FE,ESPACIO GRANDE,,32985
SANTA FE,ESPACIO GRANDE,CON FE ES POSIBLE,10832
SANTA FE,ESPACIO GRANDE,CIUDADANOS EN RED,8007
SANTA FE,ESPACIO GRANDE,FRENTE IGUALDAD ANIMAL,3667
SANTA FE,ESPACIO GRANDE,FORZA SANTA FE,2508
SANTA FE,ESPACIO GRANDE,VAMOS POR MAS,2103
SANTA FE,ESPACIO GRANDE,SANTA FE PUEDE,2042
SANTA FE,ESPACIO GRANDE,NUEVA PROVINCIA,1909
SANTA FE,ESPACIO GRANDE,LA HORA DEL PUEBLO,429
SANTA FE,ESPACIO GRANDE,POR LOS POBRES,466
SANTA FE,ESPACIO GRANDE,NI UNA -,373
SANTA FE,ESPACIO GRANDE,EL PUEBLO VUELVE,347
SANTA FE,ESPACIO GRANDE,UNIDOS POR LA LIBERTAD,302
SANTA FE,DEL CAMPO POPULAR,,26947
SANTA FE,DEL CAMPO POPULAR,POR LA DECADA GANADA,6278
SANTA FE,DEL CAMPO POPULAR,PROYECTO JOVEN,4648
SANTA FE,DEL CAMPO POPULAR,FRENTE DE LOS JUBILADOS,4438
SANTA FE,DEL CAMPO POPULAR,CREO EN SANTA FE,3964
SANTA FE,DEL CAMPO POPULAR,MAS RENOVADOR,3738
SANTA FE,DEL CAMPO POPULAR,CON TOTAL SEGURIDAD,2789
SANTA FE,DEL CAMPO POPULAR,JUNTOS ES POSIBLE,1092
SANTA FE,AUTONOMISTA,,14835
SANTA FE,AUTONOMISTA,SANTA FE CAMINA,6033
SANTA FE,AUTONOMISTA,JUBILADOS,5519
SANTA FE,AUTONOMISTA,TODOS JUNTOS,3283
SANTA FE,VAMOS JUNTOS,,14431
SANTA FE,VAMOS JUNTOS,JUNTOS POR VOS,7673
SANTA FE,VAMOS JUNTOS,UNIDOS POR LA FE,5043
SANTA FE,VAMOS JUNTOS,AHORA ESTAMOS,1562
SANTA FE,VAMOS JUNTOS,NUEVO AMANECER,153
SANTA FE,UNION CELESTE Y BLANCO,,13683
SANTA FE,UNION CELESTE Y BLANCO,UNIDOS POR SANTA FE,13683
SANTA FE,FEDERAL,,9154
SANTA FE,FEDERAL,RECREO SOCIAL,5614
SANTA FE,FEDERAL,DIGNIDAD CIUDADANA,3540
SANTA FE,MOVIMIENTO INDEPENDIENTE RENOVADOR,,9092
SANTA FE,MOVIMIENTO INDEPENDIENTE RENOVADOR,SANTA FE SEGURA,5966
SANTA FE,MOVIMIENTO INDEPENDIENTE RENOVADOR,DESARROLLO AGRO INDUSTRIAL,3126
SANTA FE,NACIONALISTA CONSTITUCIONAL - UNIR,,6115
SANTA FE,NACIONALISTA CONSTITUCIONAL - UNIR,UNION PARA RENOVAR SANTA FE,6115
SANTA FE,VOTOS POSITIVOS,,1773468
SANTA FE,VOTOS EN BLANCO,,75510
SANTA FE,VOTOS ANULADOS,,104040
SANTA FE,VOTOS RECURRIDOS E IMPUGNADOS,,0
SANTA FE,TOTAL DE  VOTANTES,,1953018
